aff_id,class_atual,tipo_link,link,id_api,grupo
2051821320,MElIpro,GRUPO,https://chat.whatsapp.com/FEP0VTDFUr87bIxhQHMzUn,120363259849668352@g.us,#1 Achadinhos da Dona Cegonha
173167047,KAM - top 1000,GRUPO,https://chat.whatsapp.com/HZyuiMiv4uQ2FO3LsGhUGJ,120363211822083052@g.us,#103 ACHADOS DA TAMY 
5399188,KAM - top 1000,GRUPO,https://chat.whatsapp.com/FzoBRhQjSBR8qAaYXWbBWx,,
1676657192,MElIpro,GRUPO,https://chat.whatsapp.com/HByXpAYMbzP8TkQrfp5PTS,120363349640197468@g.us,#2 PROMO√á√ÉO DO DIA | Achados da Isa üö®
287197163,KAM - top 1000,GRUPO,https://chat.whatsapp.com/EFKnGyxcmb43wn8JP4oK3k,120363304479657290@g.us,"#30 Achadinhos SHOPEE, SHEIN , MAGALU, MERCADO LIVRE.ü•∞"
227193849,MElIpro,GRUPO,https://chat.whatsapp.com/K9xfwQ5iRbkKtQQYXUznbx,120363303356244825@g.us,"#31 Promos de Moda, Beleza e Cupons! - Promo√ß√µes do Amor!"
136382088,MElIpro,GRUPO,https://chat.whatsapp.com/H9dxNyPzbWSLGTqbp2ov2A,120363420198587286@g.us,#35 Grupo de Ofertas 
1428402957,KAM - top 1000,GRUPO,https://chat.whatsapp.com/Itr0HHBK6I7Gwt1oJ7FyUy,120363164673960479@g.us,#37 üõçüí∞Achadinhosdepromoüíõ
2592935944,MElIpro,GRUPO,https://chat.whatsapp.com/IHoI86Hr37ZLLJDccekBPy,120363300770580053@g.us,#5 Achadinhos Casa e Decora√ß√£o
136551174,KAM - top 1000,GRUPO,https://chat.whatsapp.com/KTmWGkMPgymIZSlUxvK2D3,120363357316589084@g.us,#5 PROMO ENXOVAL MINIMALISTA üñ§
271356022,MElIpro,GRUPO,https://chat.whatsapp.com/F5owyoPYzL1HzUSlfMjtml,120363369774997231@g.us,#5 PROMO√á√ïES E DESCONTOS üõçÔ∏èü§ë
1512186857,MElIpro,GRUPO,https://chat.whatsapp.com/Lwj77WPLRUR6DaBKjCxino,120363404464469617@g.us,#6 PROMOS DO DIA ‚ú®üõç
49721139,MElIpro,GRUPO,https://chat.whatsapp.com/DK2ip7TlaZ882CBoBXCY7T,120363417466781404@g.us,"#7 grupo - Bem-vinda ao universo feminino üíÑ- Vestindo bem, pagando pouco üõçÔ∏èüíùüîó"
4621837,KAM - top 1000,GRUPO,https://chat.whatsapp.com/D3gyYuH0Y0q82aNWRXdQ6i,120363402704307025@g.us,@achadinhoscomcarol üõçÔ∏è 14
202376152,MElIpro,GRUPO,https://chat.whatsapp.com/I0v0WwVeEGe3kq7HlMmM70,120363398549946589@g.us,@ComprinhasAmiga #05‚ú®
1799164964,KAM - top 1000,GRUPO,https://chat.whatsapp.com/FhGAAsVS7LDIUWw6lvxzut,120363403464946445@g.us,@Promoanabeltran 37 üíñ Beleza
361899717,MElIpro,GRUPO,https://chat.whatsapp.com/Di2M5HFd6uj7eh7q8CXj96,554497558297-1607954318@g.us,@Promosdadaii üõçÔ∏è#4
231841011,KAM - top 1000,GRUPO,https://chat.whatsapp.com/GMlz11599YTLP3ui9VWgXn,120363025523984059@g.us,@thatynhapromo 5
76331531,KAM - ouro,GRUPO,https://chat.whatsapp.com/LRjdSDkp9jd6OOLSCwY5Qm ,,
107916024,KAM - top 1000,GRUPO,https://chat.whatsapp.com/DxZvHGHttCaD6JyJDH909k,120363423620703537@g.us,[JTECH] Promo√ß√µes Gamer #102
317818364,KAM - top 1000,GRUPO,https://chat.whatsapp.com/KEXRU3sjoBu4782by95BnV,120363400097540150@g.us,‚ú® Cantinho das Promos PV 7 üõçÔ∏è
768924215,KAM - top 1000,GRUPO,https://chat.whatsapp.com/J1D6HRAuIx62u62O3QWn8e,120363313981293549@g.us,‚ú®Ô∏è PROMOS DA TAMI #4
287029678,KAM - top 1000,GRUPO,https://chat.whatsapp.com/JR9FChkNN4m90N5qGyDFzV,120363337798994308@g.us,‚ú®Cacei e Achei Promos #13
56815198,MElIpro,GRUPO,https://chat.whatsapp.com/JJc73JmdCbXKIoj6WrjfwP,555197590316-1569254347@g.us,‚öú SUPER PROMO ‚öú 5‚É£
183440224,KAM - top 1000,GRUPO,https://chat.whatsapp.com/L1sC7x9NRND6v2T4IVXowY,5527997926363-1578518782@g.us,‚ö´ VICIADOS EM DESCONTOS 11 ‚ö´
420307218,MElIpro,GRUPO,https://chat.whatsapp.com/CmQVtmZUSiSG0Ifqe65mmB,120363375425910325@g.us,0005 Clube Promos 21
199199140,KAM - ouro,GRUPO,https://chat.whatsapp.com/DYO3GUfjbNi6ZLlYEBc0hG,120363024686001502@g.us,120363024686001502@g.us
169808445,KAM - top 1000,GRUPO,https://chat.whatsapp.com/KLZdjjmDJarKOMcowCcajh,120363029188354139@g.us,120363029188354139@g.us
1334764746,KAM - top 1000,GRUPO,https://chat.whatsapp.com/EuscaPvDB4t2rTAC1gSG05,120363029872619497@g.us,120363029872619497@g.us
514386663,KAM - top 1000,GRUPO,https://chat.whatsapp.com/El2R6H8UEU90utKzg0M9eB,120363038392307215@g.us,120363038392307215@g.us
1482183974,KAM - ouro,GRUPO,https://chat.whatsapp.com/KbiC4HyAPgZ5c0B4YZtX5N,120363043831374188@g.us,120363043831374188@g.us
1380412961,MElIpro,GRUPO,https://chat.whatsapp.com/FhPGelmE7MtBcyypvWBElL,120363048990319654@g.us,120363048990319654@g.us
1536298884,KAM - top 1000,GRUPO,https://chat.whatsapp.com/HWIR8cXLwCf4MelCkHpGz3,120363052401558929@g.us,120363052401558929@g.us
615723245,KAM - top 1000,GRUPO,https://chat.whatsapp.com/DCxjP81VSPYBL6Gxv9H52C,120363053228002606@g.us,120363053228002606@g.us
807123036,KAM - top 1000,GRUPO,https://chat.whatsapp.com/BJK04Bp8B0TBWJDs73DNxc,120363115454849947@g.us,120363115454849947@g.us
186778702,KAM - top 1000,GRUPO,https://chat.whatsapp.com/L4LNpfPZUqH05ouyae0Yri,120363203099815703@g.us,120363203099815703@g.us
448250295,KAM - top 1000,GRUPO,https://chat.whatsapp.com/GbdkHTyBqRm9zeMfi4sqfB,120363240039368305@g.us,120363240039368305@g.us
512970471,KAM - top 1000,GRUPO,https://chat.whatsapp.com/D6vTMhtpTji4R4oJ1oBcB2,120363264369239306@g.us,120363264369239306@g.us
1539409111,KAM - top 1000,GRUPO,https://chat.whatsapp.com/KXGSBZpRWnc5c66bbkNL1b,120363299458437089@g.us,120363299458437089@g.us
174150285,MElIpro,GRUPO,https://chat.whatsapp.com/FA0XF4KyDYUCuJWAHgIGZf,120363313233209159@g.us,120363313233209159@g.us
1062207010,KAM - top 1000,GRUPO,https://chat.whatsapp.com/K6fDMEvCuIpCjwGRpMsxIV,120363338201617945@g.us,120363338201617945@g.us
94733098,KAM - top 1000,GRUPO,https://chat.whatsapp.com/IR0gCURtqgZAJGne6meFbh,120363362432979590@g.us,120363362432979590@g.us
228286832,MElIpro,GRUPO,https://chat.whatsapp.com/FdJv2P0HUQLGUXxtpngfea,120363398603337247@g.us,120363398603337247@g.us
83966270,KAM - top 1000,GRUPO,https://chat.whatsapp.com/JD7FxqCc7lC71BZ6PgsuTy,120363399236042514@g.us,120363399236042514@g.us
132598358,KAM - top 1000,GRUPO,https://chat.whatsapp.com/HD3hBHCntvUCYL109WfhJH,120363399506805862@g.us,120363399506805862@g.us
226046758,KAM - top 1000,GRUPO,https://chat.whatsapp.com/JMfX31vfU1BBh6cf7R0Uqo,120363399844906080@g.us,120363399844906080@g.us
1106563292,MElIpro,GRUPO,https://chat.whatsapp.com/Kgw6HiTuPAeDDfIsotIrln,120363400217012012@g.us,120363400217012012@g.us
340577258,KAM - top 1000,GRUPO,https://chat.whatsapp.com/Kj9hC3NiBT77LkygW7nPiX,120363400583143688@g.us,120363400583143688@g.us
1426808500,KAM - ouro,GRUPO,https://chat.whatsapp.com/IFJMvDHZc2AIYyGqQcEHqt,120363401148418145@g.us,120363401148418145@g.us
1690741909,KAM - top 1000,GRUPO,https://chat.whatsapp.com/FPAfltA8alqBFThYVQZV2o,120363402054165154@g.us,120363402054165154@g.us
202884905,KAM - top 1000,GRUPO,https://chat.whatsapp.com/GcedDTYaqmWDRC2xsHRuS8,120363404407621942@g.us,120363404407621942@g.us
659377853,KAM - top 1000,GRUPO,https://chat.whatsapp.com/Frx0bqhRtxb9gDELL5tS1T,120363409693174877@g.us,120363409693174877@g.us
163733884,KAM - top 1000,GRUPO,https://chat.whatsapp.com/CxuUhB4Rw2KC7MWHnm8cBo,120363412367655025@g.us,120363412367655025@g.us
382848365,MElIpro,GRUPO,https://chat.whatsapp.com/ISzxMEo4sZmLeoFtICYcS7,120363417550603528@g.us,120363417550603528@g.us
178031903,KAM - top 1000,GRUPO,https://chat.whatsapp.com/GXzxLoVvmxz0udKGWn1ENL,120363418973067820@g.us,120363418973067820@g.us
526807890,KAM - top 1000,GRUPO,https://chat.whatsapp.com/LPyuTee5x46DumQfzur4BB,120363419320417112@g.us,120363419320417112@g.us
2015935202,MElIpro,GRUPO,https://chat.whatsapp.com/KUt7ZbJHpzrLYmx5466J0b,120363419447280501@g.us,120363419447280501@g.us
491946853,KAM - top 1000,GRUPO,https://chat.whatsapp.com/IEX4hvJtnfX3YLHRy8gpbO,120363419634026933@g.us,120363419634026933@g.us
379432988,KAM - top 1000,GRUPO,https://chat.whatsapp.com/LiJjq9uEt07Hf6EXIc4LQp,120363419852689903@g.us,120363419852689903@g.us
678610452,KAM - ouro,GRUPO,https://chat.whatsapp.com/HZwM8xn312XFXh711EG8iQ,120363419919455192@g.us,120363419919455192@g.us
2200130866,KAM - top 1000,GRUPO,https://chat.whatsapp.com/Lqua75hMObP5wXwKCyiq7o,120363421848512023@g.us,120363421848512023@g.us
79019768,KAM - top 1000,GRUPO,https://chat.whatsapp.com/CMPA3hBbXmSBg7aEoHcdAc,120363422251666745@g.us,120363422251666745@g.us
325501300,MElIpro,GRUPO,https://chat.whatsapp.com/FlfVPkFf2uAFzudRwd7gAf,120363422438577046@g.us,120363422438577046@g.us
1391252882,KAM - top 1000,GRUPO,https://chat.whatsapp.com/Ej9Le27nnVJFwMi7HsDgkt,120363422835195272@g.us,120363422835195272@g.us
358402522,KAM - top 1000,GRUPO,https://chat.whatsapp.com/CFYwI669SIOF6h8Dspgdfw,120363360743146571@g.us,15# PROMO DE HOJEE üíú
120188822,MElIpro,GRUPO,https://chat.whatsapp.com/EGDd0zrJRdQ1ECKBbuMH1k,120363384850142668@g.us,18.üî•PROMOS @thai.torelüî•
420553279,KAM - top 1000,GRUPO,https://chat.whatsapp.com/HBhNHpzpK6UH5Ocn99n1kW,120363418371662864@g.us,2 SHEIN e C&A by @maryajcs üõçÔ∏è‚ú®ü§©
1365706499,KAM - ouro,GRUPO,https://chat.whatsapp.com/GOV8P4YrmjZ3nlehN5jDBZ,120363405123862286@g.us,20 - PEPERAIO HARDWARE OFERTAS
1440823950,KAM - top 1000,GRUPO,https://chat.whatsapp.com/FZrN7heaxV2An8cVqgxtkO,120363042203458688@g.us,3- Ofertas Imperd√≠veis üî•
1439548649,KAM - top 1000,GRUPO,https://chat.whatsapp.com/J2sN803vT9cCnfPNtWYmhM,5516991076656-1507597082@g.us,5516991076656-1507597082@g.us
1444457359,KAM - top 1000,GRUPO,https://chat.whatsapp.com/FbKBDOYaZIWKupUmuw0nsQ,5521976234600-1593517593@g.us,5521976234600-1593517593@g.us
1422595957,KAM - top 1000,GRUPO,https://chat.whatsapp.com/LFxnhypmd5BDGFgneCPrkE,557592438834-1604916407@g.us,557592438834-1604916407@g.us
2418855877,KAM - top 1000,GRUPO,https://chat.whatsapp.com/LCUCTJLImyO3KzBKfRVZoc,558198148856-1625705090@g.us,558198148856-1625705090@g.us
1000721580,KAM - top 1000,GRUPO,https://chat.whatsapp.com/Evbu0eA6aGDGIustairn0X,120363420738577119@g.us,6 @promodegrife BELEZA
624101928,KAM - top 1000,GRUPO,https://chat.whatsapp.com/E1ys64DdebhHIJyvES7FhP,120363282994185499@g.us,65 ‚Ä¢ VIP GATAS DAS PROMO üíú
1439663675,KAM - top 1000,GRUPO,https://chat.whatsapp.com/G02RqQeQqpnB0xWgdQFvWA,120363216036692625@g.us,A PROMO IMPERD√çVEL 25 üõçÔ∏è‚ú®
1439663675,KAM - top 1000,GRUPO,https://chat.whatsapp.com/JHaDGhmuVTZEMATgfbh2xB,120363339393248905@g.us,A PROMO IMPERD√çVEL 25 üõçÔ∏è‚ú®
1447393059,KAM - top 1000,GRUPO,https://chat.whatsapp.com/IztSV778zEV1Km200kyq3M,120363026950048288@g.us,A Rainha das Promo√ß√µes 25
288063877,KAM - top 1000,GRUPO,https://chat.whatsapp.com/FYshNVla9hcBWbSoIwfGm3,120363257853840248@g.us,ACHADINHO üõçÔ∏è #16
283174736,KAM - top 1000,GRUPO,https://chat.whatsapp.com/K310kjNbwASEDJ91U8X5Bm,120363421328820167@g.us,Achadinhos #100
764038065,MElIpro,GRUPO,https://chat.whatsapp.com/JV86a7ozjh4DBDWXgED21z,120363028348310898@g.us,Achadinhos da Carol
196205822,KAM - top 1000,GRUPO,https://chat.whatsapp.com/CmXGTqAJ36ECTWdfZ8UCvw,120363420368455839@g.us,ACHADINHOS DA DRI 15
1034365332,KAM - top 1000,GRUPO,https://chat.whatsapp.com/Ja8pGApMAuL5wQKhC2isyI,120363422289956070@g.us,Achadinhos da Promo 2Ô∏è‚É£7Ô∏è‚É£
324279904,KAM - top 1000,GRUPO,https://chat.whatsapp.com/GrIZPFtopk17fKB4ZufzKz,120363417825852787@g.us,Achadinhos da Vivih üíï üõçÔ∏è#39
6876244,MElIpro,GRUPO,https://chat.whatsapp.com/B79euMqi7BE6hd6NeTv39z,120363419008047565@g.us,Achadinhos das primas üíïüõçÔ∏è#9#
62381440,MElIpro,GRUPO,https://chat.whatsapp.com/HE0qDdyC4woF3ZDPTQ6fQd,120363045563839585@g.us,Achadinhos e Promos üõçüò± #2
80016581,MElIpro,GRUPO,https://chat.whatsapp.com/GnRAjCdII8D9ySCr2UMUBQ,120363419173236822@g.us,Achadinhos Ofertou - 044
1430584463,KAM - top 1000,GRUPO,https://chat.whatsapp.com/LPpRGK4WvR81psNepIOaUu,558799796242-1626639123@g.us,ACHADO NA PROMO 3
151885557,KAM - top 1000,GRUPO,https://chat.whatsapp.com/JEXULayLCWkIqh89sJX4Cj,120363320142761904@g.us,Achados da Lully 14
1463526269,KAM - top 1000,GRUPO,https://chat.whatsapp.com/EfbYI7XUWZA1KcK89zgygE,120363301686660904@g.us,Achados da Lully 15
264616806,MElIpro,GRUPO,https://chat.whatsapp.com/Gz4jmOCoP7FIKn3LrDvMzd,120363399370982561@g.us,ACHADOS DA MARI #14
165088662,KAM - top 1000,GRUPO,https://chat.whatsapp.com/KsFIKs4bknu8bVy0xEQQq0,120363402621743664@g.us,ACHADOS DA RAINA #13
161561413,KAM - top 1000,GRUPO,https://chat.whatsapp.com/D0ihIeknxF8DivVxNdXMT8,120363419085408202@g.us,Achados de Lara #21
1587747906,KAM - top 1000,GRUPO,https://chat.whatsapp.com/LLg4yElJWJB1oW5S6dU84l,120363399607990876@g.us,ACHADOS DO DIA N 19
190304867,KAM - top 1000,GRUPO,https://chat.whatsapp.com/IiRsOuBEKu20Ad55TK6oQo,120363044276358097@g.us,Acheipravoc√™#2
238471146,KAM - top 1000,GRUPO,https://chat.whatsapp.com/KNKw7EZNadrK0rFxvYnO0u,120363205270613720@g.us,aki promo√ß√µes - 91
269337304,KAM - top 1000,GRUPO,https://chat.whatsapp.com/HiAZjhqm6DQFLfIkcwhqru,555496749400-1623017491@g.us,"Amiga, Compra! 10"
1434918733,KAM - ouro,GRUPO,https://chat.whatsapp.com/E4qUixsvh7p5U3oS1RBXrk,553498331857-1575504332@g.us,Babypromokids 115 üë∂üèª A23
1712443665,MElIpro,GRUPO,https://chat.whatsapp.com/Jal8oRLgqLEJDxolTBLltW,120363163765788187@g.us,BEE ACHADOS 
211158953,KAM - top 1000,GRUPO,https://chat.whatsapp.com/HQHx4Tr5C3M1kEKkgzsVxC,120363345207333317@g.us,Best Promos BR #3
149518102,KAM - ouro,GRUPO,https://chat.whatsapp.com/HedUmWn1r3VKHnlZEue8gB,120363404907945469@g.us,Bizu das Promo√ß√µes 53
1465247461,KAM - top 1000,GRUPO,https://chat.whatsapp.com/HXoaeZGoCA1Bdp7Gs4VIkq,553195230021-1567034447@g.us,BR Descont√£o  - 1
255589674,MElIpro,GRUPO,https://chat.whatsapp.com/DZd3F34NqlOBrOG22YiB1F,120363366983997934@g.us,CLUBE DO DESCONTO #13
337920322,KAM - top 1000,GRUPO,https://chat.whatsapp.com/BSrW73sUxmf7P0k94JjGJR,120363419687210237@g.us,Comprei na Promo #6
92792646,KAM - top 1000,GRUPO,https://chat.whatsapp.com/Hi4wsoxm8oyDgk09a0zpEW,120363319331322278@g.us,Cout 09 üáßüá∑ Promo√ß√µes e Info
268850426,KAM - ouro,GRUPO,https://chat.whatsapp.com/EtM3xhWp5wcFuqkVNdLOL1,,
1377978276,KAM - top 1000,GRUPO,https://chat.whatsapp.com/Ks3048s1gRjGzqfnbOmRKs,5511932062847-1609764830@g.us,Cupons e Ofertas #SuperDicas üéüÔ∏èüõí #111
1884853456,MElIpro,GRUPO,https://chat.whatsapp.com/BwDGi4Xodd12JlOCMxAnpu,120363400410343531@g.us,Decorando_comestilo‚ù§Ô∏è
5160092,KAM - top 1000,GRUPO,https://chat.whatsapp.com/K0Qvrw74bqdAi0FysJANr5,120363099314346009@g.us,Desconto Legal
1096521350,MElIpro,GRUPO,https://chat.whatsapp.com/H0tkGH3KzjGAG7zsR42QxZ,120363401332922330@g.us,Doguinho Promo√ß√µes üê∂#12
255011578,MElIpro,GRUPO,https://chat.whatsapp.com/E2kXOI6n4P8C7mzbLoqukI,120363405694449088@g.us,Dona Economia - Promo√ß√µes #8
1777894146,MElIpro,GRUPO,https://chat.whatsapp.com/DaZMY91iXS6GasYSOTdDPy,120363401078862771@g.us,√â de casa da Ofertinha üõíüõíüõí
141495725,KAM - top 1000,GRUPO,https://chat.whatsapp.com/3GnbahT2kj07ibWPPnar6t,5519997134690-1536855235@g.us,Economizeiro 3
1490703847,KAM - top 1000,GRUPO,https://chat.whatsapp.com/FPXOx5VQyej1vQozBLve0H,120363417580263185@g.us,Ela Compra 08 ü©∑‚ú®
155523724,KAM - top 1000,GRUPO,https://chat.whatsapp.com/BQ7tcRk6loB7roRQgF9SVZ,120363404158477159@g.us,Encontrei na web promo√ß√µes #62
103699751,KAM - top 1000,GRUPO,https://chat.whatsapp.com/KUZStrTHW8n6ITKXFfcCeL,120363422953295282@g.us,F√≥rmula Ideal Fit - [ 15 ]
183117136,KAM - top 1000,GRUPO,https://chat.whatsapp.com/L2jFzuhDn6KFSJC9LcQcuU,120363375274156165@g.us,G&L Promo√ß√µes 50 üõçÔ∏èüõí
2009130689,KAM - top 1000,GRUPO,https://chat.whatsapp.com/GRFJfs23lgYBEmRSmbRyzl,120363046731785274@g.us,G1 PROMO√á√ÉO KIDS BRASIL
1433463620,KAM - top 1000,GRUPO,https://chat.whatsapp.com/Kda7wlfxzOj08vWSm42jip,120363045837421025@g.us,GIRLSBUGS SEM CHAT 2Ô∏è‚É£6Ô∏è‚É£
1890922253,KAM - top 1000,GRUPO,https://chat.whatsapp.com/JAv9DaNWBSLA25LqoC9YI3,120363419523054853@g.us,GRUP√ÉO MUQUIRANAS#19
1184554804,MElIpro,GRUPO,https://chat.whatsapp.com/DXLcCBjXRv4D73Jib8kmN1,120363189435524916@g.us,Grupo de Achadinhos #1
1080122761,MElIpro,GRUPO,https://chat.whatsapp.com/Gu55Qpt3baS0ETcRirO33M,120363359675161184@g.us,Grupo de Ofertas Clube A Gazeta
470068454,MElIpro,GRUPO,https://chat.whatsapp.com/H4dDwIxvVQuK2YHYLFeZbJ,120363421937223622@g.us,Grupo de ofertas üõíüõçÔ∏è #27
621237108,MElIpro,GRUPO,https://chat.whatsapp.com/DgKPbjSmzlw1Q3nd7MOgj7,120363370434273635@g.us,GRUPO DE PROMO√á√ïES #04
1457441247,KAM - top 1000,GRUPO,https://chat.whatsapp.com/I4uxOIVx0LvCPNpKYNbO5D,120363403874724959@g.us,Grupo de Promo√ß√µes & Descontos | Reduza
295506853,MElIpro,GRUPO,https://chat.whatsapp.com/LhbOvZPCBRW87WMZpqEndy,120363371094763419@g.us,Grupo de Promo√ß√µes e Cupons üõçÔ∏è #05
1434017443,KAM - top 1000,GRUPO,https://chat.whatsapp.com/Et7TUni8qau1CB1v63QDTk,120363175659452536@g.us,Guia de Compras 218
1381379875,KAM - top 1000,GRUPO,https://chat.whatsapp.com/FOa4DMXBtaG4V8sW20W3rF,120363417876663987@g.us,Home de Ofertas ‚ú®üè† | #38
690775790,KAM - top 1000,GRUPO,https://chat.whatsapp.com/EjovDaMbPZQDVCaNhnU3WC,120363402554611303@g.us,Indica√ß√µes do Gui
1231576803,KAM - ouro,GRUPO,https://chat.whatsapp.com/JWySm0bg2QjDJwYKymBRAr,120363046255621903@g.us,Inova Leo Ofertas Geral 1
30107921,KAM - top 1000,GRUPO,https://chat.whatsapp.com/CFPqGJMJy8J7Zrt1GCkhCF,120363417352116923@g.us,Kah Indica
49674458,KAM - top 1000,GRUPO,https://chat.whatsapp.com/D5Si0eBiQZj9DZaRSJDgrA,120363268951341273@g.us,LINKS DO SONNORA - ABERTO
27190734,MElIpro,GRUPO,https://chat.whatsapp.com/LTFq7RG0e08DH6c9i3TRuE,120363382104653898@g.us,"M√£e, Economizei! Promos e Cupons"
167259214,KAM - top 1000,GRUPO,https://chat.whatsapp.com/GotYoYy1r6zAJ8YYtk82qe,120363029697602745@g.us,Mam√£e t√° ON Promo√ß√µes 7
547239300,KAM - ouro,GRUPO,https://chat.whatsapp.com/JG3b8ccRQQtHsNnIwRcvE1,120363282575321817@g.us,Manual de Ofertas - Eletr√¥nicos
105244951,KAM - top 1000,GRUPO,https://chat.whatsapp.com/G8aLNHaHaOHAtAi6oBoEbx,120363418307767899@g.us,Marcelo Casa Eletro OFERTAS
2074482467,MElIpro,GRUPO,https://chat.whatsapp.com/LJFpLm3sYXk2rQo3xyicaW,120363345172019197@g.us,MESDEPROMO #23
2428615837,KAM - top 1000,GRUPO,https://chat.whatsapp.com/B7uIXxna6lhJNEGNYLoiXb,120363345347123184@g.us,MESDEPROMO #25
2359144247,KAM - top 1000,GRUPO,https://chat.whatsapp.com/Lvt6ezs2Fz6ItqKyCW6JE6,120363420438984365@g.us,Mi&Promo üõçÔ∏èüíú #8
221861528,KAM - top 1000,GRUPO,https://chat.whatsapp.com/IMOcURMw4WtDUkLzbidJI8,120363334175814779@g.us,MILPROMOSBELEZA
601159975,MElIpro,GRUPO,https://chat.whatsapp.com/EVHrvfODHevIK6nAqfe6JL,120363415815169004@g.us,Moda | Casa | Kids‚ú®Ô∏è17
1786835301,MElIpro,GRUPO,https://chat.whatsapp.com/JwliHvFksEiDSmhElwqP5W,120363405900666065@g.us,Modas e Achadinhos #2
201818186,MElIpro,GRUPO,https://chat.whatsapp.com/CFXGKZ7hQ8N65WmG6W1lje,120363194117835533@g.us,Oferta rel√¢mpago #1
2057503925,KAM - top 1000,GRUPO,https://chat.whatsapp.com/HdeizfsVqa09p5ffxHbCd2,120363401640365822@g.us,Ofertas da Casa Moderna #43
1516990091,KAM - top 1000,GRUPO,https://chat.whatsapp.com/FJpxwCaPLyO6VJjgSQPRRo,120363421005007885@g.us,Ofertas da Hora do Almo√ßo 12üõçÔ∏è
99920305,KAM - top 1000,GRUPO,https://chat.whatsapp.com/Bilt1HIkKufE4zmWKdAh0m,120363044447822982@g.us,Ofertas de TUDO - MB07
203435695,MElIpro,GRUPO,https://chat.whatsapp.com/EYtuTeh2suiBZNyMflPNcr,120363284305529966@g.us,Ofertas do dia #3 üõçÔ∏è
685286566,KAM - top 1000,GRUPO,https://chat.whatsapp.com/KRlEAzC5E21JqQT9fzqru6,120363345371177921@g.us,Ofertas Encontrei - #15 üõçÔ∏è
303120592,MElIpro,GRUPO,https://chat.whatsapp.com/BehJuWtRQk30H2wXFFd9HU,120363149769059495@g.us,Ofertas Meuap√™26b #12
488851324,KAM - ouro,GRUPO,https://chat.whatsapp.com/LIgGrv7UFzIHU7j7ctYGvt,,
1207675246,KAM - ouro,GRUPO,https://chat.whatsapp.com/DYL3yM8t1Qx5ZIRJR3PUh7,120363039065808699@g.us,OFERTAS Rodrigo Moreira #19
203572971,MElIpro,GRUPO,https://chat.whatsapp.com/Eof5Zg0DLAsGzmdwnAYjfQ,120363194368630513@g.us,Para√≠so dos Achadinhos #1
732472905,MElIpro,GRUPO,https://chat.whatsapp.com/D23i3Aocfky8tC8oAxxUn3,120363163396853096@g.us,PECHINCHAS DA CRIS üß°üõçÔ∏è#1
408274567,KAM - top 1000,GRUPO,https://chat.whatsapp.com/Db4BoPO9UqOKZkIx59xKiT,120363400056890494@g.us,PROMO 35 üíó
261766502,KAM - top 1000,GRUPO,https://chat.whatsapp.com/HRKF83AP2LsI3SyVcByb8t,120363255744314530@g.us,PROMO 42 üßúüèº‚Äç‚ôÄÔ∏èüíòüõçÔ∏è
742314482,KAM - top 1000,GRUPO,https://chat.whatsapp.com/FsvG2pXtqDX9QDfbWuaJUR,120363045029936774@g.us,PROMO DA LAILA 3 üõçÔ∏è
757367286,KAM - top 1000,GRUPO,https://chat.whatsapp.com/KWch5ygbtG9EDgotXCZ6w6,120363417307980084@g.us,PROMO DA LARI | 88 üõçÔ∏è‚ú®
53501280,KAM - top 1000,GRUPO,https://chat.whatsapp.com/3AojlMVOnTx5aanIu9xATd,5519999241506-1510091197@g.us,Promo desconto cupons 10
606319384,MElIpro,GRUPO,https://chat.whatsapp.com/F7NJkwakRiNHYCvqm99YP7,120363420299506385@g.us,PROMO DO DIA üõçÔ∏è | #8 @focanacompra
531618401,MElIpro,GRUPO,https://chat.whatsapp.com/LTDLmVuZQio5EqHddhRasL,120363043587323573@g.us,PROMO E DICAS üß°cupons e +
229837054,KAM - top 1000,GRUPO,https://chat.whatsapp.com/D6eBFtbGbNW382vxea0zio,120363255308049173@g.us,PROMO LOVERS üõçÔ∏è  #14
455839818,MElIpro,GRUPO,https://chat.whatsapp.com/BHtMiuht6D8JQElKtG0kCk,120363317793995123@g.us,PROMO√á√ïES & CUPONS üíñ‚ú® #1
1438016577,KAM - top 1000,GRUPO,https://chat.whatsapp.com/ELd5ipGU0HnGR2nsuZzCOw,5524981153741-1633047154@g.us,Promo√ß√µes da Hora 11
166607266,KAM - top 1000,GRUPO,https://chat.whatsapp.com/LikseXVR6JA8NmMJ7eB5gc,120363402336804360@g.us,PROMO√á√ïES DO DIA #11ü•∞
159272833,MElIpro,GRUPO,https://chat.whatsapp.com/HPx22Avdn9T60z73dAHQS4,120363387456505120@g.us,PROMO√á√ïES DO DIA #14
297607087,KAM - top 1000,GRUPO,https://chat.whatsapp.com/G8aOJ9GsgtgK0FHC9PHWOJ,120363401098528133@g.us,Promo√ß√µes do dia #14 üõçÔ∏è @baratinhosimperdiveis
277875863,KAM - top 1000,GRUPO,https://chat.whatsapp.com/CTjtI84fLp2Kio1vl9qPSQ,120363418966938721@g.us,PROMO√á√ïES DO DIA #26üè† ‚Ä¢  @homedeamiga
214152484,KAM - top 1000,GRUPO,https://chat.whatsapp.com/CeOajup9Rsh26ROElCeer0,120363417911970628@g.us,PROMO√á√ïES DO DIA #27 üõçÔ∏è @achadosdatai.br
280333191,KAM - top 1000,GRUPO,https://chat.whatsapp.com/EUasLaQCNghLLTZeVohIb2,120363284097344284@g.us,PROMO√á√ïES DO DIA ‚ú®Ô∏è #2 - @promochique_
742328965,KAM - top 1000,GRUPO,https://chat.whatsapp.com/FSOKIotzhXeESsvKFAQCiA,120363419889857402@g.us,PROMO√á√ïES DO DIA ‚ú®üõçÔ∏è #10 - @achadindeluxo
375366165,MElIpro,GRUPO,https://chat.whatsapp.com/DaLYRjgWYRIKypTbQT0FVS,120363322668685309@g.us,PROMO√á√ïES DO DIA üî•‚ú®Ô∏èüõç
450512131,KAM - top 1000,GRUPO,https://chat.whatsapp.com/HHGjJ39EGjP1E3Xvcyo287,120363374978952930@g.us,PROMO√á√ïES DO DIA üõçÔ∏è #1 - @encontreiamigas
651524151,MElIpro,GRUPO,https://chat.whatsapp.com/H6A72Otw8H0BPrlTfys8II ,,
1428326558,MElIpro,GRUPO,https://chat.whatsapp.com/BgdoWxdm0RWKZVQDrhVTk8,120363399351949538@g.us,PROMO√á√ïES DO DIA üõçÔ∏è #2 | @dicasdeachadinhos.br
1485911737,KAM - top 1000,GRUPO,https://chat.whatsapp.com/IyJYqH1gXxAJ3IDAd6GBrf,120363161708340515@g.us,Promo√ß√µes do TEC #10
1756402797,KAM - top 1000,GRUPO,https://chat.whatsapp.com/HEi2otzaI1E8NVJDxyFBNo,120363039175634581@g.us,Promo√ß√µes e Descontos 26
695303632,MElIpro,GRUPO,https://chat.whatsapp.com/D5OdEreGcV30WhGShSqJOW,120363402819489919@g.us,PROMO√á√ïES E LINKS #61
1495326565,MElIpro,GRUPO,https://chat.whatsapp.com/LS4ZZQNWUUVA81RB6MeNmA,120363026480031823@g.us,PromodaCaren 5 üîí
1434769455,MElIpro,GRUPO,https://chat.whatsapp.com/Jyv4N0Jc1ILLkveNMpZ81i,120363143707072974@g.us,Promogrid Promo√ß√µes
1485217446,KAM - top 1000,GRUPO,https://chat.whatsapp.com/8cao38VPYLDBKLMqOPjoA0,5521972675859-1533073494@g.us,PromoON 00
1678670059,MElIpro,GRUPO,https://chat.whatsapp.com/FOVbpxIVd8bIgcQIwfSXJy,120363291785904750@g.us,PROMOS & ACHADINHOS
181507452,KAM - top 1000,GRUPO,https://chat.whatsapp.com/K4c5fmtzSXG1qKxnBs3fs2,120363405956371502@g.us,PROMOS @bizu_paracasa #30
481509072,KAM - top 1000,GRUPO,https://chat.whatsapp.com/Hjr3f7J3jCB5dxUy4DqPpl,120363406581754161@g.us,PROMOS 45 üíó
594475926,MElIpro,GRUPO,https://chat.whatsapp.com/EuPOVBxriny1fYPaTfWKkW,120363042066571457@g.us,PROMOS DA DEEKO üíï #04
2531061357,MElIpro,GRUPO,https://chat.whatsapp.com/HeJj2WYIZzuIuXVaVilqRk,120363420720054769@g.us,PROMOS da IANNE üß°16
1351369312,MElIpro,GRUPO,https://chat.whatsapp.com/C98f1fCpVK2B3QLwXYwACQ,558199606955-1626546179@g.us,PROMOS DA LUH 065
183279834,MElIpro,GRUPO,https://chat.whatsapp.com/D87xKk8Kqgk0bMxSpKtcCB,120363349755106375@g.us,Promos da Ly #3‚ú®
660319086,MElIpro,GRUPO,https://chat.whatsapp.com/EwSp5TKoMts50ZkgHfnZGj,120363420374537039@g.us,Promos da Mila #10
234543184,MElIpro,GRUPO,https://chat.whatsapp.com/BwyasSWoGlE3037b6iL50B,120363024957848051@g.us,PROMOS DA NATH üõçÔ∏èüéÄ [35]
788763894,MElIpro,GRUPO,https://chat.whatsapp.com/J35VKuP8EOLFtZaq2Hu2it,120363401086852040@g.us,Promos da Seguidora 8
1457459939,MElIpro,GRUPO,https://chat.whatsapp.com/LBltd96f3U06b6YeoROqJc,120363402471422115@g.us,Promos Danilo 4
600049604,KAM - top 1000,GRUPO,https://chat.whatsapp.com/IiCMiBV6jR5HbYdFh1fAp1,120363418317530167@g.us,Promos de Enxoval üè° #12
293720044,KAM - top 1000,GRUPO,https://chat.whatsapp.com/BsIXB2PTOCvEhVMHZ42dem,120363029412556247@g.us,Promos Diversas B14
1838483881,MElIpro,GRUPO,https://chat.whatsapp.com/DKl1AhprFx3AEkkiP854py,120363420344287530@g.us,PROMOS DO DIA #02 @achadosginger
799601634,MElIpro,GRUPO,https://chat.whatsapp.com/GcFEsEGhAywB0Bp1wtpfrH,120363416000560375@g.us,PROMOS DO DIA‚ú® #1
73418100,KAM - top 1000,GRUPO,https://chat.whatsapp.com/BDO3Mirgc7xFReDJ9QxZ82,120363417370308906@g.us,Promos do Guia Produto #1
1167640603,KAM - top 1000,GRUPO,https://chat.whatsapp.com/LKNq5b7IVGL0B89W4fKuLF,120363422790512114@g.us,Promos Enxoval - Gi üè† #13
47897711,KAM - top 1000,GRUPO,https://chat.whatsapp.com/DiaQsENFguqJvobfT8ohim,120363287089062163@g.us,Promos √öteis üõí #2
1396932291,MElIpro,GRUPO,https://chat.whatsapp.com/Lb2QR1yZDzG6rQMbFnafuf,120363045116629526@g.us,SNAKE PROMOS 2 üêç
173037793,MElIpro,GRUPO,https://chat.whatsapp.com/JJShzxTq1MAIxdMZLDnvDz,120363404034302766@g.us,SUPER OFERTA #17
1427325193,KAM - top 1000,GRUPO,https://chat.whatsapp.com/FDmaefqLyH36zb6NAdZNz8,120363045840785211@g.us,t√°Baratasso ‚úÖ 214
1462250546,KAM - top 1000,GRUPO,https://chat.whatsapp.com/C66THFmOr0eLheskj0llLl,120363043664426151@g.us,Top Ofertas Todo Dia 9
1217794331,KAM - top 1000,GRUPO,https://chat.whatsapp.com/Chcg5YTJDdRIgDNycwYBx0,120363346159033547@g.us,Tudo Em Microfones GRUPO 5
269721398,KAM - top 1000,GRUPO,https://chat.whatsapp.com/FKCP03nC7DLKYr1sonRws9,120363389602050961@g.us,Tudo On Promo√ß√µes #3
1369622787,KAM - top 1000,GRUPO,https://chat.whatsapp.com/IDhYoLEzlw1Bs9NocQQB4u,120363315890635206@g.us,"UduLuiz VII - Cupons e ofertas: Shopee, Shein, Aliexpress, Mercado Livre "
423827714,MElIpro,GRUPO,https://chat.whatsapp.com/JRsewVssOZsKY1OvdyAf3s,120363403071832784@g.us,Universo das Promosüíñ‚ú®34
1408672391,KAM - top 1000,GRUPO,https://chat.whatsapp.com/HlzrhZslJCZ6YVTSRDI71M,120363024703006289@g.us,üå∏ BEAUTY PROMO 59 üå∏
241322914,KAM - top 1000,GRUPO,https://chat.whatsapp.com/HkZ6ShSsbeg1gQ2JBPo9Vs,120363042210618548@g.us,üë∂üèª PromoBaby | 24
508791975,KAM - top 1000,GRUPO,https://chat.whatsapp.com/I082dejhGUl6Hii1TUdzN2,120363024939673808@g.us,üí•Querido Desconto 108
1251879558,KAM - ouro,GRUPO,https://chat.whatsapp.com/J5kJyOeNUjnAOla4kweuk4,554197440172-1542717489@g.us,üíªQual Notebook Comprar?16
1381583566,KAM - top 1000,GRUPO,https://chat.whatsapp.com/DXBvkZJkQLdBQpxymvWKSG,120363027468121202@g.us,üî• OFERTA SECRETA VIP üî•
279034933,MElIpro,GRUPO,https://chat.whatsapp.com/CkBNImXVV4iFqvvYV7K0q7,120363309822468517@g.us,üî• PROMOS da Paty #01
47190880,KAM - top 1000,GRUPO,https://chat.whatsapp.com/IglXEIKL0X6Fco4ika2iz5,120363339148867926@g.us,üò± Promo√ß√µes e Cupons üî•
751415749,MElIpro,GRUPO,https://chat.whatsapp.com/I52E8CM6aBsCYPQwIsYinG,120363305435482675@g.us,üö® PROMO√á√ÉO DO DIA üí∏
200355621,KAM - top 1000,GRUPO,https://chat.whatsapp.com/Jtzve7J0p4iHcq4p9dSJnE,120363419283865832@g.us,üõç Sergipe Ofertas #25
313555253,MElIpro,GRUPO,https://chat.whatsapp.com/EbaIS6f8kaKGtHoN8cerq0,120363332754970042@g.us,üõí Achados da Lal√° Grupo #3
530861291,KAM - top 1000,GRUPO,https://chat.whatsapp.com/EzsDwzVMrKiHt0xXqPPoRJ,120363042852663318@g.us,üõí Promo√ß√µes do Bita - üí∏ #32
61249096,MElIpro,GRUPO,https://chat.whatsapp.com/LCQhtszftoPKeLJBtgc363,120363133979174965@g.us,üü†((EXCLUSIVO SHOPEE 3Ô∏è‚É£)) @promo.damahii
15665498,KAM - ouro,GRUPO,https://chat.whatsapp.com/Hcb23EBqkdo3vYXuuyB8bB,120363332656958132@g.us,Clube Kotas #10
15665498,KAM - ouro,GRUPO,https://chat.whatsapp.com/IZcWfdBW6Pm2EFWxXnnEgY,120363350371365523@g.us,
33691178,MElIpro,GRUPO,https://chat.whatsapp.com/JPHe7LUEuKzBKZODcnOdRU,120363404262214077@g.us,
91941491,MElIpro,GRUPO,https://chat.whatsapp.com/BDfTy6zh8OsGCN4zWOfSzW,120363402118493515@g.us,
107916024,KAM - top 1000,GRUPO,https://chat.whatsapp.com/GdOZRL4Zd8Y6GgkRCiy4BR,120363375608669512@g.us,
1365706499,KAM - ouro,GRUPO,https://chat.whatsapp.com/CCMPqq6I2YVJeTZSkyX6RJ ,,
115429420,MElIpro,GRUPO,https://chat.whatsapp.com/IfyC3HjCdQS1Or9X1aB81O,120363389475200834@g.us,
119053125,MElIpro,GRUPO,https://chat.whatsapp.com/I3ccW9jKW7F8Wjf4erKWWV,120363417460628545@g.us,
1365706499,KAM - ouro,GRUPO,https://chat.whatsapp.com/K6h8AUFY48X6r3bSRuN41P ,,
122211558,MElIpro,GRUPO,https://chat.whatsapp.com/Kj0kGQjHgu534xo3LPnCXd,120363251147383891@g.us,
127073909,MElIpro,GRUPO,https://chat.whatsapp.com/DLUKao1JGH9CB4bKtsSUSt,120363418295221709@g.us,
127894622,MElIpro,GRUPO,https://chat.whatsapp.com/ClLaq2pbQHV8N3RmjEIad2,120363317923632634@g.us,IMPORTA√á√ÉO MINHA VIDA ( LEANDRO CONSTANTINO )
136554975,KAM - top 1000,GRUPO,https://chat.whatsapp.com/CCbeOEcw45ZIS7Du8dZchQ,120363394622699094@g.us,
142704481,MElIpro,GRUPO,https://chat.whatsapp.com/JfArtqAk9VfD6b8ZOz4Qyc,120363234144501669@g.us,
147294155,KAM - top 1000,GRUPO,https://chat.whatsapp.com/GlZbsfe4H0q7GdhETjruhL,120363147672890533@g.us,#2 PROMOS TheBestAchadinh0s ü•≥üéäü™Ö
150242200,KAM - top 1000,GRUPO,https://chat.whatsapp.com/GQcZXJZLBEyI5cRG4aFzaW,120363292852809354@g.us,Guga Aprova ‚úÖ DESCONTOS - 25
150876148,MElIpro,GRUPO,https://chat.whatsapp.com/HmCxSREHfCYFUTP8DgvhRm,120363042829630171@g.us,
152152704,MElIpro,GRUPO,https://chat.whatsapp.com/DtWnnVMH0nIC7TmX5085E2,120363379356633572@g.us,
152436288,KAM - top 1000,GRUPO,https://chat.whatsapp.com/BfBkmyemsuGBkik1z0Syk7,120363421218198118@g.us,
174783683,MElIpro,GRUPO,https://chat.whatsapp.com/DQn0EzyBE9n8BMESLnS16C,5521965940477-1588903201@g.us,Guiga Ofertas
1420365380,KAM - ouro,GRUPO,https://chat.whatsapp.com/FlTqfDyBFsfEnhg3aNrd2a ,,
178198408,MElIpro,GRUPO,https://chat.whatsapp.com/CNEd04mJLJLH90hVk8p8lS,120363274784532916@g.us,Reviews Curtinhas - CASA üè†
186556232,MElIpro,GRUPO,https://chat.whatsapp.com/K7Kd6lds1Rz376wzK9jf53,120363419307819120@g.us,
192874049,KAM - top 1000,GRUPO,https://chat.whatsapp.com/BoLSdL7XEYD1NzGtQ5gYLk,120363132082935749@g.us,
197237293,MElIpro,GRUPO,https://chat.whatsapp.com/JOOJgwST7fPH2JvVUNGXEt,120363401203319704@g.us,
199937377,KAM - top 1000,GRUPO,https://chat.whatsapp.com/CiHKYdjrF733WMLdgeWamv,120363400617185562@g.us,
205028015,KAM - top 1000,GRUPO,https://chat.whatsapp.com/Fspc3uykwrOKs5wDwPvsSW,553498946400-1628023390@g.us,Promo√ß√µes Especialista Utilit√°rio 
223453987,MElIpro,GRUPO,https://chat.whatsapp.com/HWQuXCvBxu45Amt7cWAML0,120363416746993825@g.us,#206 Grupo Vip de Ofertas üõí‚ÄºÔ∏è
224832674,MElIpro,GRUPO,https://chat.whatsapp.com/D1jHcv2JQHrL7piQ7gNF5q,120363417472632726@g.us,Novos Produtos 189
229491441,KAM - top 1000,GRUPO,https://chat.whatsapp.com/BT7Z2GIyRfq100xBXrb7Dc,120363418822700181@g.us,
232876240,KAM - top 1000,GRUPO,https://chat.whatsapp.com/Jh4CMpwI1DICBm3GIhBp87,120363196360866688@g.us,S√≥ Promo√ß√µes do dia #63
238910194,MElIpro,GRUPO,https://chat.whatsapp.com/GX6IkzB25v9KhlckTltA7f,120363350098353024@g.us,üíõ#20 OFERTAS JEFF RECOMENDA
251645009,KAM - ouro,GRUPO,https://chat.whatsapp.com/JjCBht3H16NIKfyUQKAzAd,120363398973611940@g.us,
257830843,KAM - top 1000,GRUPO,https://chat.whatsapp.com/LGcaf2hLrGTA4xmoOKbScu,120363260785067403@g.us,
263391604,KAM - ouro,GRUPO,https://chat.whatsapp.com/GnuAYOcO4UkLrBg2A2iFvX,120363424450298040@g.us,üîñ OFERTAS DI√ÅRIAS #03 - PAULOTEC
268850426,KAM - ouro,GRUPO,https://chat.whatsapp.com/LBrUk2OL2cH52HShiCpSMT,120363404994865282@g.us,
284855023,KAM - top 1000,GRUPO,https://chat.whatsapp.com/CbIau6c3CA7C0LMxobWHXA,120363240211204588@g.us,Comprinhas Casa 5
301138223,KAM - top 1000,GRUPO,https://chat.whatsapp.com/HBvVODelAE210I8mQbpZxF,120363421173071319@g.us,#33 SonhoDeBeb√™
379432988,KAM - top 1000,GRUPO,http://chat.whatsapp.com/FuRrPRMeses2RqaTpBagwf,120363041071594403@g.us,Promo de Rica üõçÔ∏è #8
431214959,MElIpro,GRUPO,https://chat.whatsapp.com/LkHeO0BnrHgB2TBJeQFHkd,120363324268667157@g.us,
449187698,MElIpro,GRUPO,https://chat.whatsapp.com/LTaXWLWho2w8JKi4kU4dcH,120363416579966749@g.us,
455002960,MElIpro,GRUPO,https://chat.whatsapp.com/Lvn9OQSNfVcF8i8YYtH83z,120363403324077062@g.us,
470806864,KAM - top 1000,GRUPO,https://chat.whatsapp.com/ED3SWc4c1ZT2oeACRALSiI,120363221966674705@g.us,üî•Promotec #52üî•
473343832,KAM - top 1000,GRUPO,https://chat.whatsapp.com/FA5zJX5z36t1R0PnGf8aPG,120363227035509032@g.us,
490589317,KAM - top 1000,GRUPO,https://chat.whatsapp.com/BphOj310T5a9h7yZ3I9a8l,120363401663969369@g.us,promo√ß√µes para pobres #677
511670989,KAM - top 1000,GRUPO,https://chat.whatsapp.com/JT8aIzL4HNQD8N9899WpqW,120363421407346615@g.us,
521028663,KAM - top 1000,GRUPO,https://chat.whatsapp.com/JHaBQhjiioN4q54FVbHTv0,120363402834675374@g.us,
565785079,KAM - top 1000,GRUPO,https://chat.whatsapp.com/EY60g2bvKUQ3vTw7m8p51y,120363392372204294@g.us,
593029712,KAM - top 1000,GRUPO,https://chat.whatsapp.com/C6h351H4WVzH0Q4ry4CYFn,120363423066283773@g.us,
618183409,KAM - top 1000,GRUPO,https://chat.whatsapp.com/HDdvGKcFRlQAUQmAf3zwP7,120363419706222356@g.us,
636693914,MElIpro,GRUPO,https://chat.whatsapp.com/JY4qQRWdVEVCSDRNHSxYTH,120363299149896632@g.us,
676651691,KAM - top 1000,GRUPO,https://chat.whatsapp.com/LOK7ys7CuZKAiBBuon1drt,120363419553602645@g.us,
699370117,MElIpro,GRUPO,https://chat.whatsapp.com/K6DAzAvNur4IabDyHeb2Y3,120363401442822960@g.us,
791280925,MElIpro,GRUPO,https://chat.whatsapp.com/F9GyGsPoOV6IwaSgnwmnCQ,120363202026082394@g.us,
1029902351,KAM - top 1000,GRUPO,https://chat.whatsapp.com/Cg9WQ9seejyL0J09xDad30,120363159814245144@g.us,
1029902351,KAM - top 1000,GRUPO,https://chat.whatsapp.com/EsUGVz7d3HE8VRSuxVeIf4,120363159295894338@g.us,
1029902351,KAM - top 1000,GRUPO,https://chat.whatsapp.com/KD3HqqR0Kz6EHM6tSuTrLx,120363049904864182@g.us,
1029902351,KAM - top 1000,GRUPO,https://chat.whatsapp.com/LVjBT22V8ZQ8WAjejQItnK,120363158134158694@g.us,SD DESCONTOS #05 üõíüõçÔ∏è
1038382483,MElIpro,GRUPO,https://chat.whatsapp.com/FStwKecXsnR4qIlu1U1SeO,120363365069110647@g.us,Master Tech Jr - Promoc√µes e Cupons¬†#03
1045329161,KAM - top 1000,GRUPO,https://chat.whatsapp.com/ByQVh3GaWwmCdBF6hfDY8B,120363420245001180@g.us,
1063208859,MElIpro,GRUPO,https://chat.whatsapp.com/HUIQoCtX7af4mhEE7bEIhw,120363413515811889@g.us,Ofertas Gamer #68
1156310262,KAM - top 1000,GRUPO,https://chat.whatsapp.com/HIA1YelpowB29KYAbRb2WC,120363390885655993@g.us,Lipe OFERTAS #49
1161200505,KAM - ouro,GRUPO,https://chat.whatsapp.com/DAVIG7o9Jx3Hnz9ti8Napi,120363420070231079@g.us,Tuk Ofertas! O2
1173888746,KAM - top 1000,GRUPO,https://chat.whatsapp.com/KWqUZWZVI6WENZyd4UPWvi,120363021137916596@g.us,
1185718745,KAM - ouro,GRUPO,https://chat.whatsapp.com/GihdFjfYUQWLBz1e9Qa4i9,120363421673546932@g.us,
1211756872,KAM - ouro,GRUPO,https://chat.whatsapp.com/HdB9WcW2Ivu0cIpMrk43B8,120363420723520951@g.us,
1245410086,KAM - ouro,GRUPO,https://chat.whatsapp.com/JC3EsVz3c8MDHxuVt3GPU7,5511971990503-1597260474@g.us,üáßüá∑MarcusTech (FECHADO 7)üá®üá≥
1282155962,KAM - top 1000,GRUPO,https://chat.whatsapp.com/DmxglF40thWBUnTSAxgq9m,5519983242609-1623983977@g.us,10 - PEPERAIO OFERTAS GERAIS
1286635153,KAM - ouro,GRUPO,https://chat.whatsapp.com/KC9Vir5WsK90eurfEpIFbA,555484283413-1612792049@g.us,PromoTop - 60
1342941619,KAM - top 1000,GRUPO,https://chat.whatsapp.com/JQwNi3BDg6cK3R3qIGxL0n,120363420930062918@g.us,PromoTop - 59
1359646788,KAM - top 1000,GRUPO,https://chat.whatsapp.com/Jk0QUFBRO3dCCT5foBbdfy,120363030560752428@g.us,üõí Garimpeiros 1 | GP - AB
1365706499,KAM - ouro,GRUPO,https://chat.whatsapp.com/F9jd4FBhjQ0CYCk11XvIyg,120363423706056388@g.us,NintendoBarato.com.br #28
1374758175,KAM - top 1000,GRUPO,https://chat.whatsapp.com/DnUki4oaa3i8MJggSn6JL2,120363400753481981@g.us,#9 PROMO√á√ïES IMPERD√çVEIS ü§ë
1374758175,KAM - top 1000,GRUPO,https://chat.whatsapp.com/F3t3SxsJgRA2iWAVXV5srQ,120363421567698327@g.us,
1399249654,KAM - top 1000,GRUPO,https://chat.whatsapp.com/EL3YhRQnu7v7pscoHawGGQ,120363054339061484@g.us,üëú@toaquiamigas 1/Promos‚ú®
1422846329,KAM - ouro,GRUPO,https://chat.whatsapp.com/CvGrRLZxihcIkTpD3CTnzg,120363426671562219@g.us,Promodetudo 06 B02
1426808500,KAM - ouro,GRUPO,https://chat.whatsapp.com/Hh2u9KrgZCy1lfSciIrM12,120363422675342644@g.us,Ofertas do Albergoni #016
1427776750,KAM - ouro,GRUPO,https://chat.whatsapp.com/Emt0w0plgENDLn6u79XVVF,120363421691056889@g.us,üü¢ PROMOSSAURO ü¶ñü¶ï
1434918733,KAM - ouro,GRUPO,https://chat.whatsapp.com/FXUCuEo8s98J6zSshRoJva,120363334935946569@g.us,üîµ PROMOSSAURO (21) ü¶ñü¶ï
1434918733,KAM - ouro,GRUPO,https://chat.whatsapp.com/FqIteVfgSfs1GpCpiaNVzI,553499518171-1582489768@g.us,üîµ PROMOSSAURO (23)ü¶ñü¶ï
1585403964,MElIpro,GRUPO,https://chat.whatsapp.com/CHH2fXV2i2n1Yx3kfKMwYc ,,üü¢ PROMOSSAURO (2) ü¶ñü¶ï
1436446356,KAM - top 1000,GRUPO,https://chat.whatsapp.com/IPSunnzc2kc14Z6Z4T1BRe,120363404233997331@g.us,
1438016577,KAM - top 1000,GRUPO,https://chat.whatsapp.com/CUVn2Db96F90vjWWWHouNJ,5524981153741-1527688047@g.us,üí•üí• T√Å BUGADO!!! üíØ3Ô∏è‚É£9‚É£
1590205193,MElIpro,GRUPO,https://chat.whatsapp.com/HuIBzBxXsBnJaGDh4tJy2y ,,
1438016577,KAM - top 1000,GRUPO,https://chat.whatsapp.com/GWnH6KcVgTg1T35IJnGko8,5524981153741-1615931099@g.us,
1438016577,KAM - top 1000,GRUPO,https://chat.whatsapp.com/HpdHCiW51yLDcEuKsdUrW7,5524981608302-1631071470@g.us,(30)Top Descontos Oficial
1438016577,KAM - top 1000,GRUPO,https://chat.whatsapp.com/KN7YtIQ1AeJKy8lZx1xFSU,5524981153741-1566399211@g.us,1 - Smartphone e Eletr√¥nicos üì±üíª Top Descontos Oficial
1438028665,MElIpro,GRUPO,https://chat.whatsapp.com/IWD8VXHZYI5LBk2e0PCHVX,120363328889159413@g.us,
1708497699,MElIpro,GRUPO,https://chat.whatsapp.com/CMVGchoOo6M2zQvyEOVDTB ,,Promo√ß√£ozinha BK36 üíô
1445776663,KAM - ouro,GRUPO,https://chat.whatsapp.com/ESRYSAvRLNUIACRaD6DTSo,5521979402668-1533852554@g.us,
1446956733,KAM - top 1000,GRUPO,https://chat.whatsapp.com/DSeLEmy3Ccg2cQIQu0PZIg,556182202458-1623964747@g.us,
1451916544,KAM - ouro,GRUPO,https://chat.whatsapp.com/JQvT3vKC2vj0CscIGMwjAG,120363402696848993@g.us,üõçüí• TEM PROM√î! 2Ô∏è‚É£0Ô∏è‚É£0Ô∏è‚É£
1453179131,KAM - top 1000,GRUPO,https://chat.whatsapp.com/Ajf4V1uBSB24N33Odocm9t,553193123632-1509042345@g.us,Clube do Presidente 196
1453179131,KAM - top 1000,GRUPO,https://chat.whatsapp.com/IXDPw6OgqN9KscX2V1d5M6,120363399402010098@g.us,
1453199461,KAM - top 1000,GRUPO,https://chat.whatsapp.com/KTzHdnCLZkzAFYgqWaSqFn,553298004884-1612533838@g.us,Promo e Afins 6 üíú
1454842874,KAM - top 1000,GRUPO,https://chat.whatsapp.com/GmQ3WUKigH7BYYggnWtHUr,554192865315-1615048540@g.us,
1455578640,MElIpro,GRUPO,https://chat.whatsapp.com/C01isq9mnR221IfcANxzjs,120363381574483793@g.us,ACHADOS DA MALU #18
1457793802,MElIpro,GRUPO,https://chat.whatsapp.com/FQSjEe3qC804trDpyaG05h,120363313431576358@g.us,#21 Promobabykids
1461583629,KAM - ouro,GRUPO,https://chat.whatsapp.com/L4WWuJiPeQCDZczO3dHCce,120363044572293121@g.us,
1469910364,KAM - ouro,GRUPO,https://chat.whatsapp.com/H3jL0RfJTCRJVgNwxynt9x,120363418876981622@g.us,
1478707361,KAM - top 1000,GRUPO,https://chat.whatsapp.com/GANhutgr55J95N65Xb6Lk3,120363417479677927@g.us,
1493086612,KAM - top 1000,GRUPO,https://chat.whatsapp.com/FlP2dqy76C3HDxui5Q4zr9,5511975835333-1625010636@g.us,Ofertas @home_gaabycosta 11
1988790379,MElIpro,GRUPO,https://chat.whatsapp.com/CkBNImXVV4iFqvvYV7K0q7 ,,
1494770433,KAM - top 1000,GRUPO,https://chat.whatsapp.com/Bye3jMn7cOa7YkeymQIZIC,120363387438720845@g.us,#10 MAXHOBBY OFERTAS | DRONES | RC | ELETR√îNICOS
1528968155,KAM - top 1000,GRUPO,https://chat.whatsapp.com/FTJ92XraD0TDjljZFy7qAz,120363401117301358@g.us,Guerra Deals Fit [01] ü•á
1531640488,KAM - top 1000,GRUPO,https://chat.whatsapp.com/L8KIweGu5u7KTq2Yd1CP6O,120363422655386925@g.us,
1550052320,KAM - top 1000,GRUPO,https://chat.whatsapp.com/K41Nfk48Mid9cAN7OA1V3K,120363411470567477@g.us,
1585403964,MElIpro,GRUPO,https://chat.whatsapp.com/EIAplurq7I2A0nd4ZcqWNj,120363402225793898@g.us,ROSLEON - Ofertas 6
1639459856,KAM - top 1000,GRUPO,https://chat.whatsapp.com/IjHp4Xcwz1WBaBduXFvLbe,120363424178779521@g.us,VERS√ÅTIL PERFUMES 19
1813105314,KAM - top 1000,GRUPO,https://chat.whatsapp.com/I2pwRlEyELsABpZagjFeXF,120363375264767041@g.us,@pegar.promo #31
1842769625,MElIpro,GRUPO,https://chat.whatsapp.com/IftRu5fS2jK436z1a6yOQX,120363418350809424@g.us,
1856859073,KAM - top 1000,GRUPO,https://chat.whatsapp.com/FNsFNlXRKOL7XMGQXxEQsL,120363042722531648@g.us,
1947955373,KAM - top 1000,GRUPO,https://chat.whatsapp.com/Hxfay43oaJJ45xfc7phl30,120363324025660689@g.us,
1954038151,KAM - top 1000,GRUPO,https://chat.whatsapp.com/GUgEwbuk86aJDdyJfLsSQ3,120363419590752352@g.us,
2018031282,KAM - top 1000,GRUPO,https://chat.whatsapp.com/Ia4ivP80m2KE4cfu9BiMGy,120363399027165397@g.us,
2018286552,KAM - top 1000,GRUPO,https://chat.whatsapp.com/D8NnSjHPAZF8lMuyg6GaZx,120363423166525465@g.us,
2221972417,KAM - top 1000,GRUPO,https://chat.whatsapp.com/ESRK7K8eTez9n4tsWi8Ca3,120363420762441277@g.us,
2345017244,KAM - ouro,GRUPO,https://chat.whatsapp.com/IGzGIvFKBHJKx3Evx2YkQr,120363401248631151@g.us,
2611596372,MElIpro,GRUPO,https://chat.whatsapp.com/HzhyWCR4nNYGtuJaKaPgCJ,120363421951379312@g.us,
