id,name
120363024686001502@g.us,
120363024703006289@g.us,ğŸŒ¸ BEAUTY PROMO 59 ğŸŒ¸
120363024939673808@g.us,ğŸ’¥Querido Desconto 108
120363024957848051@g.us,PROMOS DA NATH ğŸ›ï¸ğŸ€ [35]
120363025523984059@g.us,@thatynhapromo 5
120363026480031823@g.us,PromodaCaren 5 ğŸ”’
120363026950048288@g.us,A Rainha das PromoÃ§Ãµes 25
120363027468121202@g.us,ğŸ”¥ OFERTA SECRETA VIP ğŸ”¥
120363028348310898@g.us,Achadinhos da Carol
120363029188354139@g.us,
120363029412556247@g.us,Promos Diversas B14
120363029697602745@g.us,MamÃ£e tÃ¡ ON PromoÃ§Ãµes 7
120363029872619497@g.us,
120363038392307215@g.us,
120363039065808699@g.us,OFERTAS Rodrigo Moreira #19
120363039175634581@g.us,PromoÃ§Ãµes e Descontos 26
120363042066571457@g.us,PROMOS DA DEEKO ğŸ’• #04
120363042203458688@g.us,3- Ofertas ImperdÃ­veis ğŸ”¥
120363042210618548@g.us,ğŸ‘¶ğŸ» PromoBaby | 24
120363042852663318@g.us,ğŸ›’ PromoÃ§Ãµes do Bita - ğŸ’¸ #32
120363043587323573@g.us,PROMO E DICAS ğŸ§¡cupons e +
120363043664426151@g.us,Top Ofertas Todo Dia 9
120363043831374188@g.us,
120363044276358097@g.us,AcheipravocÃª#2
120363044447822982@g.us,Ofertas de TUDO - MB07
120363045029936774@g.us,PROMO DA LAILA 3 ğŸ›ï¸
120363045116629526@g.us,SNAKE PROMOS 2 ğŸ
120363045563839585@g.us,Achadinhos e Promos ğŸ›ğŸ˜± #2
120363045837421025@g.us,GIRLSBUGS SEM CHAT 2ï¸âƒ£6ï¸âƒ£
120363045840785211@g.us,tÃ¡Baratasso âœ… 214
120363046255621903@g.us,Inova Leo Ofertas Geral 1
120363046731785274@g.us,G1 PROMOÃ‡ÃƒO KIDS BRASIL
120363048990319654@g.us,
120363052401558929@g.us,
120363053228002606@g.us,
120363099314346009@g.us,Desconto Legal
120363115454849947@g.us,
120363133979174965@g.us,ğŸŸ ((EXCLUSIVO SHOPEE 3ï¸âƒ£)) @promo.damahii
120363143707072974@g.us,Promogrid PromoÃ§Ãµes
120363149769059495@g.us,Ofertas MeuapÃª26b #12
120363161708340515@g.us,PromoÃ§Ãµes do TEC #10
120363163396853096@g.us,PECHINCHAS DA CRIS ğŸ§¡ğŸ›ï¸#1
120363163765788187@g.us,BEE ACHADOS 
120363164673960479@g.us,#37 ğŸ›ğŸ’°AchadinhosdepromoğŸ’›
120363175659452536@g.us,Guia de Compras 218
120363181073798725@g.us,CaÃ§ador de PromoÃ§Ãµes
120363189435524916@g.us,Grupo de Achadinhos #1
120363194117835533@g.us,Oferta relÃ¢mpago #1
120363194368630513@g.us,ParaÃ­so dos Achadinhos #1
120363203099815703@g.us,
120363205270613720@g.us,aki promoÃ§Ãµes - 91
120363211822083052@g.us,#103 ACHADOS DA TAMY 
120363214895946203@g.us,Promos e dicas da JÃ´ #3
120363216036692625@g.us,A PROMO IMPERDÃVEL 25 ğŸ›ï¸âœ¨
120363240039368305@g.us,
120363255308049173@g.us,PROMO LOVERS ğŸ›ï¸  #14
120363255744314530@g.us,PROMO 42 ğŸ§œğŸ¼â€â™€ï¸ğŸ’˜ğŸ›ï¸
120363257853840248@g.us,ACHADINHO ğŸ›ï¸ #16
120363259849668352@g.us,#1 Achadinhos da Dona Cegonha
120363264369239306@g.us,
120363268951341273@g.us,LINKS DO SONNORA - ABERTO
120363282575321817@g.us,Manual de Ofertas - EletrÃ´nicos
120363282994185499@g.us,65 â€¢ VIP GATAS DAS PROMO ğŸ’œ
120363284097344284@g.us,PROMOÃ‡Ã•ES DO DIA âœ¨ï¸ #2 - @promochique_
120363284305529966@g.us,Ofertas do dia #3 ğŸ›ï¸
120363287089062163@g.us,Promos Ãšteis ğŸ›’ #2
120363291785904750@g.us,PROMOS & ACHADINHOS
120363299458437089@g.us,
120363300770580053@g.us,#5 Achadinhos Casa e DecoraÃ§Ã£o
120363301686660904@g.us,Achados da Lully 15
120363303356244825@g.us,"#31 Promos de Moda, Beleza e Cupons! - PromoÃ§Ãµes do Amor!"
120363304479657290@g.us,"#30 Achadinhos SHOPEE, SHEIN , MAGALU, MERCADO LIVRE.ğŸ¥°"
120363305435482675@g.us,ğŸš¨ PROMOÃ‡ÃƒO DO DIA ğŸ’¸
120363308553839701@g.us,#14 PromoBabykids
120363309822468517@g.us,ğŸ”¥ PROMOS da Paty #01
120363313233209159@g.us,
120363313981293549@g.us,âœ¨ï¸ PROMOS DA TAMI #4
120363315780159714@g.us,Especialista em TI #11
120363315890635206@g.us,"UduLuiz VII - Cupons e ofertas: Shopee, Shein, Aliexpress, Mercado Livre "
120363317793995123@g.us,PROMOÃ‡Ã•ES & CUPONS ğŸ’–âœ¨ #1
120363319331322278@g.us,Cout 09 ğŸ‡§ğŸ‡· PromoÃ§Ãµes e Info
120363320142761904@g.us,Achados da Lully 14
120363321169457130@g.us,#193 Grupo Vip de Ofertas ğŸ›’â€¼ï¸
120363322668685309@g.us,PROMOÃ‡Ã•ES DO DIA ğŸ”¥âœ¨ï¸ğŸ›
120363332754970042@g.us,ğŸ›’ Achados da LalÃ¡ Grupo #3
120363333636263540@g.us,Comunidade Moto FilÃ©
120363334175814779@g.us,MILPROMOSBELEZA
120363337798994308@g.us,âœ¨Cacei e Achei Promos #13
120363338201617945@g.us,
120363339148867926@g.us,ğŸ˜± PromoÃ§Ãµes e Cupons ğŸ”¥
120363345172019197@g.us,MESDEPROMO #23
120363345207333317@g.us,Best Promos BR #3
120363345347123184@g.us,MESDEPROMO #25
120363345371177921@g.us,Ofertas Encontrei - #15 ğŸ›ï¸
120363346159033547@g.us,Tudo Em Microfones GRUPO 5
120363349640197468@g.us,#2 PROMOÃ‡ÃƒO DO DIA | Achados da Isa ğŸš¨
120363349755106375@g.us,Promos da Ly #3âœ¨
120363357316589084@g.us,#5 PROMO ENXOVAL MINIMALISTA ğŸ–¤
120363359675161184@g.us,Grupo de Ofertas Clube A Gazeta
120363360743146571@g.us,15# PROMO DE HOJEE ğŸ’œ
120363362432979590@g.us,
120363366983997934@g.us,CLUBE DO DESCONTO #13
120363369774997231@g.us,#5 PROMOÃ‡Ã•ES E DESCONTOS ğŸ›ï¸ğŸ¤‘
120363370434273635@g.us,GRUPO DE PROMOÃ‡Ã•ES #04
120363370457877935@g.us,NintendoBarato.com.br #17
120363371094763419@g.us,Grupo de PromoÃ§Ãµes e Cupons ğŸ›ï¸ #05
120363371612559096@g.us,ğŸ’¥ Top Ofertas Shopee ğŸ’¥ #2
120363372624489235@g.us,Achadinhos da Becca ğŸ›Promos e AchadosğŸ’
120363374069243700@g.us,
120363374978952930@g.us,PROMOÃ‡Ã•ES DO DIA ğŸ›ï¸ #1 - @encontreiamigas
120363375274156165@g.us,G&L PromoÃ§Ãµes 50 ğŸ›ï¸ğŸ›’
120363375425910325@g.us,0005 Clube Promos 21
120363382104653898@g.us,"MÃ£e, Economizei! Promos e Cupons"
120363384850142668@g.us,18.ğŸ”¥PROMOS @thai.torelğŸ”¥
120363386279766722@g.us,Grupo de ofertinhas #08
120363386339295307@g.us,PROMOS DA DAY GRUPO 40ğŸ›ï¸
120363387456505120@g.us,PROMOÃ‡Ã•ES DO DIA #14
120363389602050961@g.us,Tudo On PromoÃ§Ãµes #3
120363398549946589@g.us,@ComprinhasAmiga #05âœ¨
120363398603337247@g.us,
120363399236042514@g.us,
120363399351949538@g.us,PROMOÃ‡Ã•ES DO DIA ğŸ›ï¸ #2 | @dicasdeachadinhos.br
120363399370982561@g.us,ACHADOS DA MARI #14
120363399506805862@g.us,
120363399607990876@g.us,ACHADOS DO DIA N 19
120363399706522399@g.us,Achados Promocionais  do mercado Livre.  ğŸ˜±
120363399844906080@g.us,
120363400056890494@g.us,PROMO 35 ğŸ’—
120363400097540150@g.us,âœ¨ Cantinho das Promos PV 7 ğŸ›ï¸
120363400195934769@g.us,
120363400217012012@g.us,
120363400410343531@g.us,Decorando_comestiloâ¤ï¸
120363400583143688@g.us,
120363400740908232@g.us,Guga Aprova âœ… DESCONTOS - 20
120363401086852040@g.us,Promos da Seguidora 8
120363401098528133@g.us,PromoÃ§Ãµes do dia #14 ğŸ›ï¸ @baratinhosimperdiveis
120363401148418145@g.us,
120363401332922330@g.us,Doguinho PromoÃ§Ãµes ğŸ¶#12
120363401640365822@g.us,Ofertas da Casa Moderna #43
120363402054165154@g.us,
120363402336804360@g.us,PROMOÃ‡Ã•ES DO DIA #11ğŸ¥°
120363402471422115@g.us,Promos Danilo 4
120363402554611303@g.us,IndicaÃ§Ãµes do Gui
120363402591177792@g.us,#27 PromoÃ§Ãµes Especialista UtilitÃ¡rio 
120363402621743664@g.us,ACHADOS DA RAINA #13
120363402704307025@g.us,@achadinhoscomcarol ğŸ›ï¸ 14
120363402819489919@g.us,PROMOÃ‡Ã•ES E LINKS #61
120363402834675374@g.us,
120363403039157467@g.us,A PROMO PERFEITA 13âœ¨
120363403071832784@g.us,Universo das PromosğŸ’–âœ¨34
120363403112910209@g.us,Ofertas do Albergoni #014
120363403464946445@g.us,@Promoanabeltran 37 ğŸ’– Beleza
120363403742784724@g.us,ACHADOS DA MALU #16
120363403874724959@g.us,Grupo de PromoÃ§Ãµes & Descontos | Reduza
120363404034302766@g.us,SUPER OFERTA #17
120363404158477159@g.us,Encontrei na web promoÃ§Ãµes #62
120363404407621942@g.us,
120363404464469617@g.us,#6 PROMOS DO DIA âœ¨ğŸ›
120363404907945469@g.us,Bizu das PromoÃ§Ãµes 53
120363405694449088@g.us,Dona Economia - PromoÃ§Ãµes #8
120363405900666065@g.us,Modas e Achadinhos #2
120363405956371502@g.us,PROMOS @bizu_paracasa #30
120363406581754161@g.us,PROMOS 45 ğŸ’—
120363409693174877@g.us,
120363412367655025@g.us,
120363415815169004@g.us,Moda | Casa | Kidsâœ¨ï¸17
120363416000560375@g.us,PROMOS DO DIAâœ¨ #1
120363417307980084@g.us,PROMO DA LARI | 88 ğŸ›ï¸âœ¨
120363417352116923@g.us,Kah Indica
120363417370308906@g.us,Promos do Guia Produto #1
120363417466781404@g.us,"#7 grupo - Bem-vinda ao universo feminino ğŸ’„- Vestindo bem, pagando pouco ğŸ›ï¸ğŸ’ğŸ”—"
120363417550603528@g.us,
120363417580263185@g.us,Ela Compra 08 ğŸ©·âœ¨
120363417825852787@g.us,Achadinhos da Vivih ğŸ’• ğŸ›ï¸#39
120363417876663987@g.us,Home de Ofertas âœ¨ğŸ  | #38
120363417911970628@g.us,PROMOÃ‡Ã•ES DO DIA #27 ğŸ›ï¸ @achadosdatai.br
120363418307767899@g.us,Marcelo Casa Eletro OFERTAS
120363418317530167@g.us,Promos de Enxoval ğŸ¡ #12
120363418371662864@g.us,2 SHEIN e C&A by @maryajcs ğŸ›ï¸âœ¨ğŸ¤©
120363418615142188@g.us,PROMOÃ‡Ã•ES DO DIA #25 ğŸ›ï¸
120363418966938721@g.us,PROMOÃ‡Ã•ES DO DIA #26ğŸ  â€¢  @homedeamiga
120363418973067820@g.us,
120363419008047565@g.us,Achadinhos das primas ğŸ’•ğŸ›ï¸#9#
120363419028851585@g.us,PROMOÃ‡Ã•ES DO DIA #65
120363419085408202@g.us,Achados de Lara #21
120363419173236822@g.us,Achadinhos Ofertou - 044
120363419283865832@g.us,ğŸ› Sergipe Ofertas #25
120363419320417112@g.us,
120363419447280501@g.us,
120363419523054853@g.us,GRUPÃƒO MUQUIRANAS#19
120363419634026933@g.us,
120363419687210237@g.us,Comprei na Promo #6
120363419852689903@g.us,
120363419889857402@g.us,PROMOÃ‡Ã•ES DO DIA âœ¨ğŸ›ï¸ #10 - @achadindeluxo
120363419919455192@g.us,
120363420198587286@g.us,#35 Grupo de Ofertas 
120363420299506385@g.us,PROMO DO DIA ğŸ›ï¸ | #8 @focanacompra
120363420344287530@g.us,PROMOS DO DIA #02 @achadosginger
120363420368455839@g.us,ACHADINHOS DA DRI 15
120363420374537039@g.us,Promos da Mila #10
120363420438984365@g.us,Mi&Promo ğŸ›ï¸ğŸ’œ #8
120363420566637339@g.us,SÃ³ PromoÃ§Ãµes do dia #53
120363420720054769@g.us,PROMOS da IANNE ğŸ§¡16
120363420738577119@g.us,6 @promodegrife BELEZA
120363421005007885@g.us,Ofertas da Hora do AlmoÃ§o 12ğŸ›ï¸
120363421326791569@g.us,20 - PEPERAIO HARDWARE OFERTAS
120363421328820167@g.us,Achadinhos #100
120363421606091189@g.us,Celulares-JersuOfertas-E4
120363421848512023@g.us,
120363421937223622@g.us,Grupo de ofertas ğŸ›’ğŸ›ï¸ #27
120363422251666745@g.us,
120363422289956070@g.us,Achadinhos da Promo 2ï¸âƒ£7ï¸âƒ£
120363422438577046@g.us,
120363422790512114@g.us,Promos Enxoval - Gi ğŸ  #13
120363422835195272@g.us,
120363422953295282@g.us,FÃ³rmula Ideal Fit - [ 15 ]
120363423504328011@g.us,
120363423507395641@g.us,promoÃ§Ãµes para pobres #698
120363423620703537@g.us,[JTECH] PromoÃ§Ãµes Gamer #102
5511932062847-1609764830@g.us,Cupons e Ofertas #SuperDicas ğŸŸï¸ğŸ›’ #111
5511975835333-1625010636@g.us,Promo e Afins 6 ğŸ’œ
5516991076656-1507597082@g.us,
5519997134690-1536855235@g.us,Economizeiro 3
5519999241506-1510091197@g.us,Promo desconto cupons 10
5521972675859-1533073494@g.us,PromoON 00
5521976234600-1593517593@g.us,
5521979402668-1571782154@g.us,ğŸ’¥ğŸ’¥ TÃ BUGADO!!! 4âƒ£9âƒ£
5524981153741-1633047154@g.us,PromoÃ§Ãµes da Hora 11
5527997926363-1578518782@g.us,âš« VICIADOS EM DESCONTOS 11 âš«
553195230021-1567034447@g.us,BR DescontÃ£o  - 1
553197261133-1541127202@g.us,
553291008263-1614296085@g.us,ğŸ›ğŸ’¥ TEM PROMÃ”! 2ï¸âƒ£3ï¸âƒ£
553498331857-1575504332@g.us,Babypromokids 115 ğŸ‘¶ğŸ» A23
554197440172-1542717489@g.us,ğŸ’»Qual Notebook Comprar?16
554497558297-1607954318@g.us,@Promosdadaii ğŸ›ï¸#4
555197590316-1569254347@g.us,âšœ SUPER PROMO âšœ 5âƒ£
555496749400-1623017491@g.us,"Amiga, Compra! 10"
557592438834-1604916407@g.us,
558198148856-1625705090@g.us,
558199606955-1626546179@g.us,PROMOS DA LUH 065
558799796242-1626639123@g.us,ACHADO NA PROMO 3
